{
    "s_subspaces": [
        0,
        0,
        0
    ],
    "k_prototypes": [
        8,
        8,
        8
    ],
    "nn_train_accuracy": 0.99609375,
    "nn_test_accuracy": 0.994140625,
    "amm_train_accuracy": 0.89453125,
    "amm_test_accuracy": 0.90625,
    "train_mse": [
        0.035992082208395004,
        0.7330033183097839,
        0.4931597113609314,
        79.99810028076172
    ],
    "test_mse": [
        0.033646438270807266,
        0.6914838552474976,
        0.48973703384399414,
        78.70996856689453
    ]
}