{
    "s_subspaces": [
        1,
        1,
        1
    ],
    "k_prototypes": [
        8,
        8,
        8
    ],
    "nn_train_accuracy": 1.0,
    "nn_test_accuracy": 0.994140625,
    "amm_train_accuracy": 0.90234375,
    "amm_test_accuracy": 0.927734375,
    "train_mse": [
        0.013165720738470554,
        0.5577802658081055,
        0.4627993106842041,
        73.92959594726562
    ],
    "test_mse": [
        0.013411138206720352,
        0.5501135587692261,
        0.46002620458602905,
        71.1622085571289
    ]
}