{
    "s_subspaces": [
        2,
        2,
        2
    ],
    "k_prototypes": [
        8,
        8,
        8
    ],
    "nn_train_accuracy": 0.994140625,
    "nn_test_accuracy": 0.994140625,
    "amm_train_accuracy": 0.95703125,
    "amm_test_accuracy": 0.97265625,
    "train_mse": [
        0.004200667142868042,
        0.4374464750289917,
        0.40873339772224426,
        66.66084289550781
    ],
    "test_mse": [
        0.004353659693151712,
        0.4433025121688843,
        0.40825581550598145,
        63.854042053222656
    ]
}