{
    "s_subspaces": [
        3,
        3,
        3
    ],
    "k_prototypes": [
        1,
        1,
        1
    ],
    "nn_train_accuracy": 1.0,
    "nn_test_accuracy": 0.994140625,
    "amm_train_accuracy": 0.091796875,
    "amm_test_accuracy": 0.0859375,
    "train_mse": [
        0.1953659951686859,
        1.759120225906372,
        0.8297373056411743,
        188.4086456298828
    ],
    "test_mse": [
        0.19018681347370148,
        1.714835524559021,
        0.825691282749176,
        190.7388458251953
    ]
}