{
    "s_subspaces": [
        3,
        3,
        3
    ],
    "k_prototypes": [
        11,
        11,
        11
    ],
    "nn_train_accuracy": 0.998046875,
    "nn_test_accuracy": 0.994140625,
    "amm_train_accuracy": 0.990234375,
    "amm_test_accuracy": 0.984375,
    "train_mse": [
        0.00017577747348695993,
        0.1593286246061325,
        0.1580912172794342,
        12.405524253845215
    ],
    "test_mse": [
        0.00020539118850138038,
        0.17218391597270966,
        0.18467892706394196,
        13.748867988586426
    ]
}