{
    "s_subspaces": [
        3,
        3,
        3
    ],
    "k_prototypes": [
        14,
        14,
        14
    ],
    "nn_train_accuracy": 0.990234375,
    "nn_test_accuracy": 0.994140625,
    "amm_train_accuracy": 0.990234375,
    "amm_test_accuracy": 0.98828125,
    "train_mse": [
        3.563615246093832e-05,
        0.07316869497299194,
        0.05281413346529007,
        2.459850788116455
    ],
    "test_mse": [
        6.615390157094225e-05,
        0.11404940485954285,
        0.12548097968101501,
        4.495068550109863
    ]
}