{
    "s_subspaces": [
        3,
        3,
        3
    ],
    "k_prototypes": [
        3,
        3,
        3
    ],
    "nn_train_accuracy": 1.0,
    "nn_test_accuracy": 0.994140625,
    "amm_train_accuracy": 0.630859375,
    "amm_test_accuracy": 0.64453125,
    "train_mse": [
        0.026957908645272255,
        1.1696511507034302,
        0.7730573415756226,
        172.18032836914062
    ],
    "test_mse": [
        0.025287829339504242,
        1.1223063468933105,
        0.7570632696151733,
        170.3793182373047
    ]
}