{
    "s_subspaces": [
        3,
        3,
        3
    ],
    "k_prototypes": [
        5,
        5,
        5
    ],
    "nn_train_accuracy": 0.998046875,
    "nn_test_accuracy": 0.994140625,
    "amm_train_accuracy": 0.958984375,
    "amm_test_accuracy": 0.953125,
    "train_mse": [
        0.004926279652863741,
        0.6280713677406311,
        0.5406888723373413,
        98.5140380859375
    ],
    "test_mse": [
        0.004787264857441187,
        0.6038897633552551,
        0.526168167591095,
        96.33424377441406
    ]
}