{
    "s_subspaces": [
        3,
        3,
        3
    ],
    "k_prototypes": [
        7,
        7,
        7
    ],
    "nn_train_accuracy": 0.998046875,
    "nn_test_accuracy": 0.994140625,
    "amm_train_accuracy": 0.984375,
    "amm_test_accuracy": 0.970703125,
    "train_mse": [
        0.0014030142920091748,
        0.3711182475090027,
        0.3496115207672119,
        49.11137008666992
    ],
    "test_mse": [
        0.0014096751110628247,
        0.36547309160232544,
        0.34686923027038574,
        47.66880798339844
    ]
}