{
    "s_subspaces": [
        3,
        3,
        3
    ],
    "k_prototypes": [
        8,
        8,
        8
    ],
    "nn_train_accuracy": 0.99609375,
    "nn_test_accuracy": 0.994140625,
    "amm_train_accuracy": 0.986328125,
    "amm_test_accuracy": 0.98828125,
    "train_mse": [
        0.0008367476984858513,
        0.2915329337120056,
        0.28468722105026245,
        35.253517150878906
    ],
    "test_mse": [
        0.0008438785444013774,
        0.2876380681991577,
        0.2877742350101471,
        34.08550262451172
    ]
}