{
    "s_subspaces": [
        3,
        3,
        3
    ],
    "k_prototypes": [
        9,
        9,
        9
    ],
    "nn_train_accuracy": 0.998046875,
    "nn_test_accuracy": 0.994140625,
    "amm_train_accuracy": 0.982421875,
    "amm_test_accuracy": 0.978515625,
    "train_mse": [
        0.00047540554078295827,
        0.23133651912212372,
        0.2279861569404602,
        23.93608283996582
    ],
    "test_mse": [
        0.0004892966826446354,
        0.23668138682842255,
        0.24554431438446045,
        25.30169105529785
    ]
}