{
    "s_subspaces": [
        2,
        2,
        2
    ],
    "k_prototypes": [
        8,
        8,
        8
    ],
    "nn_train_accuracy": 0.998046875,
    "nn_test_accuracy": 0.994140625,
    "amm_train_accuracy": 0.955078125,
    "amm_test_accuracy": 0.95703125,
    "train_mse": [
        0.004292138386517763,
        0.4600834846496582,
        0.4269588589668274,
        71.14540100097656
    ],
    "test_mse": [
        0.004302775952965021,
        0.4536522924900055,
        0.4147317409515381,
        64.41755676269531
    ]
}